<?xml version="1.0" encoding="UTF-8"?>
<GenRun Id="synth_1" LaunchPart="xc7a100tcsg324-1" LaunchTime="1489611247">
  <File Type="PA-TCL" Name="calculator.tcl"/>
  <File Type="RDS-PROPCONSTRS" Name="calculator_drc_synth.rpt"/>
  <File Type="RDS-RDS" Name="calculator.vds"/>
  <File Type="RDS-UTIL" Name="calculator_utilization_synth.rpt"/>
  <File Type="RDS-UTIL-PB" Name="calculator_utilization_synth.pb"/>
  <File Type="RDS-DCP" Name="calculator.dcp"/>
  <File Type="VDS-TIMINGSUMMARY" Name="calculator_timing_summary_synth.rpt"/>
  <File Type="VDS-TIMING-PB" Name="calculator_timing_summary_synth.pb"/>
  <FileSet Name="sources" Type="DesignSrcs" RelSrcDir="$PSRCDIR/sources_1">
    <Filter Type="Srcs"/>
    <File Path="$PSRCDIR/sources_1/imports/new/calculator.vhd">
      <FileInfo>
        <Attr Name="ImportPath" Val="$PPRDIR/../../../../../../Desktop/UA/4A2S/4A2S/CR/Praticas/03/35-demo/34_calculator.srcs/sources_1/new/calculator.vhd"/>
        <Attr Name="ImportTime" Val="1489446173"/>
        <Attr Name="UsedIn" Val="synthesis"/>
        <Attr Name="UsedIn" Val="simulation"/>
      </FileInfo>
    </File>
    <File Path="$PSRCDIR/component.xml">
      <FileInfo SFType="IPXACT"/>
    </File>
    <Config>
      <Option Name="DesignMode" Val="RTL"/>
      <Option Name="TopModule" Val="calculator"/>
      <Option Name="TopAutoSet" Val="TRUE"/>
    </Config>
  </FileSet>
  <FileSet Name="constrs_in" Type="Constrs" RelSrcDir="$PSRCDIR/constrs_1">
    <Filter Type="Constrs"/>
    <File Path="$PSRCDIR/constrs_1/imports/N4/Nexys4_Master.xdc">
      <FileInfo>
        <Attr Name="ImportPath" Val="$PPRDIR/../../../../../../Desktop/UA/4A2S/4A2S/CR/N4/Nexys4_Master.xdc"/>
        <Attr Name="ImportTime" Val="1421964931"/>
        <Attr Name="UsedIn" Val="synthesis"/>
        <Attr Name="UsedIn" Val="implementation"/>
      </FileInfo>
    </File>
    <Config>
      <Option Name="ConstrsType" Val="XDC"/>
    </Config>
  </FileSet>
  <Strategy Version="1" Minor="2">
    <StratHandle Name="Vivado Synthesis Defaults" Flow="Vivado Synthesis 2016"/>
    <Step Id="synth_design"/>
  </Strategy>
</GenRun>
