<?xml version="1.0" encoding="UTF-8"?>
<spirit:component xmlns:xilinx="http://www.xilinx.com"
		xmlns:spirit="http://www.spiritconsortium.org/XMLSchema/SPIRIT/1685-2009"
		xmlns:xsi="http://www.w3.org/2001/XMLSchema-instance">
	<spirit:vendor>xilinx.com</spirit:vendor>
	<spirit:library>customized_ip</spirit:library>
	<spirit:name>design_1_xlconstant_2_0</spirit:name>
	<spirit:version>1.0</spirit:version>
	<spirit:model>
		<spirit:views>
			<spirit:view>
				<spirit:name>xilinx_vhdlsynthesis</spirit:name>
				<spirit:displayName>VHDL Synthesis</spirit:displayName>
				<spirit:envIdentifier>vhdlSource:vivado.xilinx.com:synthesis</spirit:envIdentifier>
				<spirit:language>vhdl</spirit:language>
				<spirit:fileSetRef>
					<spirit:localName>xilinx_vhdlsynthesis_view_fileset</spirit:localName>
				</spirit:fileSetRef>
				<spirit:parameters>
					<spirit:parameter>
						<spirit:name>GENtimestamp</spirit:name>
						<spirit:value>Wed Mar 15 21:23:30 UTC 2017</spirit:value>
					</spirit:parameter>
					<spirit:parameter>
						<spirit:name>boundaryCRC</spirit:name>
						<spirit:value>00d83272</spirit:value>
					</spirit:parameter>
					<spirit:parameter>
						<spirit:name>boundaryCRCversion</spirit:name>
						<spirit:value>1</spirit:value>
					</spirit:parameter>
					<spirit:parameter>
						<spirit:name>customizationCRC</spirit:name>
						<spirit:value>601840c8</spirit:value>
					</spirit:parameter>
					<spirit:parameter>
						<spirit:name>customizationCRCversion</spirit:name>
						<spirit:value>6</spirit:value>
					</spirit:parameter>
				</spirit:parameters>
			</spirit:view>
			<spirit:view>
				<spirit:name>xilinx_vhdlsynthesiswrapper</spirit:name>
				<spirit:displayName>VHDL Synthesis Wrapper</spirit:displayName>
				<spirit:envIdentifier>vhdlSource:vivado.xilinx.com:synthesis.wrapper</spirit:envIdentifier>
				<spirit:language>vhdl</spirit:language>
				<spirit:fileSetRef>
					<spirit:localName>xilinx_vhdlsynthesiswrapper_view_fileset</spirit:localName>
				</spirit:fileSetRef>
				<spirit:parameters>
					<spirit:parameter>
						<spirit:name>GENtimestamp</spirit:name>
						<spirit:value>Fri Mar 17 10:38:24 UTC 2017</spirit:value>
					</spirit:parameter>
					<spirit:parameter>
						<spirit:name>boundaryCRC</spirit:name>
						<spirit:value>00d83272</spirit:value>
					</spirit:parameter>
					<spirit:parameter>
						<spirit:name>boundaryCRCversion</spirit:name>
						<spirit:value>1</spirit:value>
					</spirit:parameter>
					<spirit:parameter>
						<spirit:name>customizationCRC</spirit:name>
						<spirit:value>601840c8</spirit:value>
					</spirit:parameter>
					<spirit:parameter>
						<spirit:name>customizationCRCversion</spirit:name>
						<spirit:value>6</spirit:value>
					</spirit:parameter>
				</spirit:parameters>
			</spirit:view>
			<spirit:view>
				<spirit:name>xilinx_vhdlbehavioralsimulation</spirit:name>
				<spirit:displayName>VHDL Simulation</spirit:displayName>
				<spirit:envIdentifier>vhdlSource:vivado.xilinx.com:simulation</spirit:envIdentifier>
				<spirit:language>vhdl</spirit:language>
				<spirit:fileSetRef>
					<spirit:localName>xilinx_vhdlbehavioralsimulation_view_fileset</spirit:localName>
				</spirit:fileSetRef>
				<spirit:parameters>
					<spirit:parameter>
						<spirit:name>GENtimestamp</spirit:name>
						<spirit:value>Wed Mar 15 21:23:30 UTC 2017</spirit:value>
					</spirit:parameter>
					<spirit:parameter>
						<spirit:name>boundaryCRC</spirit:name>
						<spirit:value>00d83272</spirit:value>
					</spirit:parameter>
					<spirit:parameter>
						<spirit:name>boundaryCRCversion</spirit:name>
						<spirit:value>1</spirit:value>
					</spirit:parameter>
					<spirit:parameter>
						<spirit:name>customizationCRC</spirit:name>
						<spirit:value>09bd7456</spirit:value>
					</spirit:parameter>
					<spirit:parameter>
						<spirit:name>customizationCRCversion</spirit:name>
						<spirit:value>6</spirit:value>
					</spirit:parameter>
				</spirit:parameters>
			</spirit:view>
			<spirit:view>
				<spirit:name>xilinx_vhdlsimulationwrapper</spirit:name>
				<spirit:displayName>VHDL Simulation Wrapper</spirit:displayName>
				<spirit:envIdentifier>vhdlSource:vivado.xilinx.com:simulation.wrapper</spirit:envIdentifier>
				<spirit:language>vhdl</spirit:language>
				<spirit:fileSetRef>
					<spirit:localName>xilinx_vhdlsimulationwrapper_view_fileset</spirit:localName>
				</spirit:fileSetRef>
				<spirit:parameters>
					<spirit:parameter>
						<spirit:name>GENtimestamp</spirit:name>
						<spirit:value>Fri Mar 17 10:38:24 UTC 2017</spirit:value>
					</spirit:parameter>
					<spirit:parameter>
						<spirit:name>boundaryCRC</spirit:name>
						<spirit:value>00d83272</spirit:value>
					</spirit:parameter>
					<spirit:parameter>
						<spirit:name>boundaryCRCversion</spirit:name>
						<spirit:value>1</spirit:value>
					</spirit:parameter>
					<spirit:parameter>
						<spirit:name>customizationCRC</spirit:name>
						<spirit:value>09bd7456</spirit:value>
					</spirit:parameter>
					<spirit:parameter>
						<spirit:name>customizationCRCversion</spirit:name>
						<spirit:value>6</spirit:value>
					</spirit:parameter>
				</spirit:parameters>
			</spirit:view>
		</spirit:views>
		<spirit:ports>
			<spirit:port>
				<spirit:name>dout</spirit:name>
				<spirit:wire>
					<spirit:direction>out</spirit:direction>
					<spirit:vector>
						<spirit:left spirit:format="long"
								spirit:resolve="dependent"
								spirit:dependency="(spirit:decode(id(&apos;MODELPARAM_VALUE.CONST_WIDTH&apos;)) - 1)">31</spirit:left>
						<spirit:right spirit:format="long">0</spirit:right>
					</spirit:vector>
					<spirit:wireTypeDefs>
						<spirit:wireTypeDef>
							<spirit:typeName>std_logic_vector</spirit:typeName>
							<spirit:viewNameRef>xilinx_vhdlsynthesis</spirit:viewNameRef>
							<spirit:viewNameRef>xilinx_vhdlbehavioralsimulation</spirit:viewNameRef>
						</spirit:wireTypeDef>
					</spirit:wireTypeDefs>
				</spirit:wire>
			</spirit:port>
		</spirit:ports>
		<spirit:modelParameters>
			<spirit:modelParameter xsi:type="spirit:nameValueTypeType"
					spirit:dataType="integer">
				<spirit:name>CONST_VAL</spirit:name>
				<spirit:displayName>Const Val</spirit:displayName>
				<spirit:value spirit:resolve="generated"
						spirit:id="MODELPARAM_VALUE.CONST_VAL">00000000000000000000000000000000</spirit:value>
			</spirit:modelParameter>
			<spirit:modelParameter spirit:dataType="integer">
				<spirit:name>CONST_WIDTH</spirit:name>
				<spirit:displayName>Const Width</spirit:displayName>
				<spirit:value spirit:format="long"
						spirit:resolve="generated"
						spirit:id="MODELPARAM_VALUE.CONST_WIDTH">32</spirit:value>
			</spirit:modelParameter>
		</spirit:modelParameters>
	</spirit:model>
	<spirit:fileSets>
		<spirit:fileSet>
			<spirit:name>xilinx_vhdlsynthesis_view_fileset</spirit:name>
			<spirit:file>
				<spirit:name>../../ipshared/e147/xlconstant.vhd</spirit:name>
				<spirit:fileType>vhdlSource</spirit:fileType>
				<spirit:logicalName>work</spirit:logicalName>
			</spirit:file>
		</spirit:fileSet>
		<spirit:fileSet>
			<spirit:name>xilinx_vhdlsynthesiswrapper_view_fileset</spirit:name>
			<spirit:file>
				<spirit:name>sim/design_1_xlconstant_2_0.vhd</spirit:name>
				<spirit:fileType>vhdlSource</spirit:fileType>
			</spirit:file>
		</spirit:fileSet>
		<spirit:fileSet>
			<spirit:name>xilinx_vhdlbehavioralsimulation_view_fileset</spirit:name>
			<spirit:file>
				<spirit:name>../../ipshared/e147/xlconstant.vhd</spirit:name>
				<spirit:fileType>vhdlSource</spirit:fileType>
				<spirit:logicalName>work</spirit:logicalName>
			</spirit:file>
		</spirit:fileSet>
		<spirit:fileSet>
			<spirit:name>xilinx_vhdlsimulationwrapper_view_fileset</spirit:name>
			<spirit:file>
				<spirit:name>sim/design_1_xlconstant_2_0.vhd</spirit:name>
				<spirit:fileType>vhdlSource</spirit:fileType>
			</spirit:file>
		</spirit:fileSet>
	</spirit:fileSets>
	<spirit:description>Gives a constant signed value.</spirit:description>
	<spirit:parameters>
		<spirit:parameter>
			<spirit:name>CONST_WIDTH</spirit:name>
			<spirit:displayName>Const Width</spirit:displayName>
			<spirit:value spirit:format="long"
					spirit:resolve="user"
					spirit:id="PARAM_VALUE.CONST_WIDTH"
					spirit:order="1100"
					spirit:minimum="1"
					spirit:maximum="4096"
					spirit:rangeType="long">32</spirit:value>
		</spirit:parameter>
		<spirit:parameter>
			<spirit:name>CONST_VAL</spirit:name>
			<spirit:displayName>Const Val</spirit:displayName>
			<spirit:value spirit:resolve="user"
					spirit:id="PARAM_VALUE.CONST_VAL"
					spirit:order="1200">0</spirit:value>
		</spirit:parameter>
		<spirit:parameter>
			<spirit:name>Component_Name</spirit:name>
			<spirit:value spirit:resolve="user"
					spirit:id="PARAM_VALUE.Component_Name"
					spirit:order="1">design_1_xlconstant_2_0</spirit:value>
		</spirit:parameter>
	</spirit:parameters>
	<spirit:vendorExtensions>
		<xilinx:coreExtensions>
			<xilinx:displayName>Constant</xilinx:displayName>
			<xilinx:coreRevision>2</xilinx:coreRevision>
			<xilinx:configElementInfos>
				<xilinx:configElementInfo xilinx:referenceId="PARAM_VALUE.CONST_VAL"
						xilinx:valueSource="user"/>
				<xilinx:configElementInfo xilinx:referenceId="PARAM_VALUE.CONST_WIDTH"
						xilinx:valueSource="user"/>
			</xilinx:configElementInfos>
		</xilinx:coreExtensions>
		<xilinx:packagingInfo>
			<xilinx:xilinxVersion>2015.1</xilinx:xilinxVersion>
			<xilinx:checksum xilinx:scope="fileGroups"
					xilinx:value="b506dfe0"/>
			<xilinx:checksum xilinx:scope="ports"
					xilinx:value="29239cd1"/>
			<xilinx:checksum xilinx:scope="hdlParameters"
					xilinx:value="3daeed25"/>
			<xilinx:checksum xilinx:scope="parameters"
					xilinx:value="5d3438b5"/>
		</xilinx:packagingInfo>
	</spirit:vendorExtensions>
</spirit:component>
