<?xml version="1.0"?>
<Runs Version="1" Minor="0">
	<Run Id="design_1_sub_mem_1_synth_1" LaunchDir="D:/Users/jgnro/Desktop/UA/4A2S/4A2S/CR/Praticas/03/35-demo/34_calculator.runs/design_1_sub_mem_1_synth_1" FlowId="Vivado_Synthesis" FromStepId="vivado" ToStepId="vivado"/>
	<Run Id="design_1_sub_mem_0_synth_1" LaunchDir="D:/Users/jgnro/Desktop/UA/4A2S/4A2S/CR/Praticas/03/35-demo/34_calculator.runs/design_1_sub_mem_0_synth_1" FlowId="Vivado_Synthesis" FromStepId="vivado" ToStepId="vivado"/>
	<Run Id="design_1_xlconstant_1_0_synth_1" LaunchDir="D:/Users/jgnro/Desktop/UA/4A2S/4A2S/CR/Praticas/03/35-demo/34_calculator.runs/design_1_xlconstant_1_0_synth_1" FlowId="Vivado_Synthesis" FromStepId="vivado" ToStepId="vivado"/>
	<Run Id="synth_1" LaunchDir="D:/Users/jgnro/Desktop/UA/4A2S/4A2S/CR/Praticas/03/35-demo/34_calculator.runs/synth_1" FlowId="Vivado_Synthesis" FromStepId="vivado" ToStepId="vivado">
		<Parent Id="design_1_sub_mem_1_synth_1"/>
		<Parent Id="design_1_sub_mem_0_synth_1"/>
		<Parent Id="design_1_xlconstant_1_0_synth_1"/>
	</Run>
	<Run Id="impl_1" LaunchDir="D:/Users/jgnro/Desktop/UA/4A2S/4A2S/CR/Praticas/03/35-demo/34_calculator.runs/impl_1" FlowId="Vivado_Implementation" FromStepId="init_design" ToStepId="write_bitstream">
		<Parent Id="synth_1"/>
		<Parent Id="design_1_sub_mem_1_synth_1"/>
		<Parent Id="design_1_sub_mem_0_synth_1"/>
		<Parent Id="design_1_xlconstant_1_0_synth_1"/>
	</Run>
</Runs>

